text,author,tags,scraped_at
“The world as we have created it is a process of our thinking. It cannot be changed without changing our thinking.”,Albert Einstein,"change,deep-thoughts,thinking,world",2025-10-12T17:26:09.156403
"“It is our choices, Harry, that show what we truly are, far more than our abilities.”",J.K. Rowling,"abilities,choices",2025-10-12T17:26:09.156545
“There are only two ways to live your life. One is as though nothing is a miracle. The other is as though everything is a miracle.”,Albert Einstein,"inspirational,life,live,miracle,miracles",2025-10-12T17:26:09.156676
"“The person, be it gentleman or lady, who has not pleasure in a good novel, must be intolerably stupid.”",Jane Austen,"aliteracy,books,classic,humor",2025-10-12T17:26:09.156793
"“Imperfection is beauty, madness is genius and it's better to be absolutely ridiculous than absolutely boring.”",Marilyn Monroe,"be-yourself,inspirational",2025-10-12T17:26:09.156893
“Try not to become a man of success. Rather become a man of value.”,Albert Einstein,"adulthood,success,value",2025-10-12T17:26:09.156997
“It is better to be hated for what you are than to be loved for what you are not.”,André Gide,"life,love",2025-10-12T17:26:09.157140
"“I have not failed. I've just found 10,000 ways that won't work.”",Thomas A. Edison,"edison,failure,inspirational,paraphrased",2025-10-12T17:26:09.157263
“A woman is like a tea bag; you never know how strong it is until it's in hot water.”,Eleanor Roosevelt,misattributed-eleanor-roosevelt,2025-10-12T17:26:09.157361
"“A day without sunshine is like, you know, night.”",Steve Martin,"humor,obvious,simile",2025-10-12T17:26:09.157514
